{
	"info": {
		"_postman_id": "9a9443d7-c833-4829-9ab2-78547506b401",
		"name": "Template IDSA",
		"description": "Example deployment of DSC provider to DSC consumer communication",
		"schema": "https://schema.getpostman.com/json/collection/v2.1.0/collection.json",
		"_exporter_id": "24478378",
		"_collection_link": "https://lively-star-952041.postman.co/workspace/Pruebas-IDSA~0f2c2d93-0476-4c85-aee4-2c648a781b0a/collection/24478378-9a9443d7-c833-4829-9ab2-78547506b401?action=share&source=collection_link&creator=24478378"
	},
	"item": [
		{
			"name": "Data Space Basic Configuration",
			"item": [
				{
					"name": "Provider Resources (Conn A)",
					"item": [
						{
							"name": "Create Contract 0.0 and link to Offer 0.0",
							"item": [
								{
									"name": "Contract 0.0",
									"event": [
										{
											"listen": "test",
											"script": {
												"exec": [
													"pm.test(\"Retrieve Contract ID\", function () {",
													"    var jsonData = pm.response.json();",
													"    var contract_url = jsonData[\"_links\"][\"self\"][\"href\"]",
													"    pm.collectionVariables.set(\"Contract_0_0\", contract_url)",
													"    var consumer_url = pm.collectionVariables.get(\"CONNECTORA_URL\")",
													"    pm.collectionVariables.set(\"Contract_0_0_ID\", contract_url.replace(consumer_url+\"/api/contracts/\", \"\"))",
													"});",
													"",
													"pm.test(\"Status code is 201\", function () {",
													"    pm.response.to.have.status(201);",
													"});"
												],
												"type": "text/javascript"
											}
										}
									],
									"protocolProfileBehavior": {
										"strictSSL": false
									},
									"request": {
										"method": "POST",
										"header": [],
										"body": {
											"mode": "raw",
											"raw": "{\"title\": \"Contract 100:2023\",\"description\": \"Contract for 100 downloads in 2023\",\"provider\":\"https://connectora:8080/\",\"start\": \"2022-10-22T07:48:37.068Z\",\"end\": \"2024-10-22T07:48:37.068Z\",\"consumer\": \"connectorb\"} ",
											"options": {
												"raw": {
													"language": "json"
												}
											}
										},
										"url": {
											"raw": "{{CONNECTORA_URL}}/api/contracts",
											"host": [
												"{{CONNECTORA_URL}}"
											],
											"path": [
												"api",
												"contracts"
											]
										}
									},
									"response": []
								},
								{
									"name": "Rule N Downloads",
									"event": [
										{
											"listen": "test",
											"script": {
												"exec": [
													"pm.test(\"Retrieve Rule ID\", function () {",
													"    var jsonData = pm.response.json();",
													"    var Rule_N_Downloads_url = jsonData[\"_links\"][\"self\"][\"href\"]",
													"    pm.collectionVariables.set(\"Rule_N_Downloads\", Rule_N_Downloads_url)",
													"    var consumer_url = pm.collectionVariables.get(\"CONNECTORA_URL\")",
													"    pm.collectionVariables.set(\"Rule_N_Downloads_ID\", Rule_N_Downloads_url.replace(consumer_url +\"/api/rules/\", \"\"))",
													"});"
												],
												"type": "text/javascript"
											}
										}
									],
									"protocolProfileBehavior": {
										"strictSSL": false
									},
									"request": {
										"method": "POST",
										"header": [],
										"body": {
											"mode": "raw",
											"raw": "{\n    \"title\": \"N times Usage:100\",\n    \"description\": \"It is allowed 100 downloads\", \n    \"value\": \"{    \\\"@context\\\": {        \\\"xsd\\\": \\\"http://www.w3.org/2001/XMLSchema#\\\",        \\\"ids\\\": \\\"https://w3id.org/idsa/core/\\\",        \\\"idsc\\\": \\\"https://w3id.org/idsa/code/\\\"    },    \\\"@type\\\": \\\"ids:Permission\\\",    \\\"@id\\\": \\\"https://w3id.org/idsa/autogen/permission/924b8f86-b1f3-451b-ac40-2b89cf8e9558\\\",    \\\"ids:description\\\": [        {            \\\"@value\\\": \\\"string\\\",            \\\"@type\\\": \\\"http://www.w3.org/2001/XMLSchema#string\\\"        }    ],    \\\"ids:title\\\": [        {            \\\"@value\\\": \\\"string\\\",            \\\"@type\\\": \\\"http://www.w3.org/2001/XMLSchema#string\\\"        }    ],    \\\"ids:constraint\\\": [        {            \\\"@type\\\": \\\"ids:Constraint\\\",            \\\"@id\\\": \\\"https://w3id.org/idsa/autogen/constraint/f7c29b5e-b7e4-446d-9ef1-9618ebbcbdfe\\\",            \\\"ids:rightOperand\\\": {                \\\"@value\\\": \\\"100\\\",                \\\"@type\\\": \\\"xsd:double\\\"            },            \\\"ids:leftOperand\\\": {                \\\"@id\\\": \\\"https://w3id.org/idsa/code/COUNT\\\"            },            \\\"ids:operator\\\": {                \\\"@id\\\": \\\"https://w3id.org/idsa/code/LTEQ\\\"            }        }    ],    \\\"ids:action\\\": [        {            \\\"@id\\\": \\\"https://w3id.org/idsa/code/USE\\\"        }    ]}\"\n}",
											"options": {
												"raw": {
													"language": "json"
												}
											}
										},
										"url": {
											"raw": "{{CONNECTORA_URL}}/api/rules",
											"host": [
												"{{CONNECTORA_URL}}"
											],
											"path": [
												"api",
												"rules"
											]
										}
									},
									"response": []
								},
								{
									"name": "Rule Time",
									"event": [
										{
											"listen": "test",
											"script": {
												"exec": [
													"pm.test(\"Retrieve Rule ID\", function () {",
													"    var jsonData = pm.response.json();",
													"    var Rule_Date_url = jsonData[\"_links\"][\"self\"][\"href\"]",
													"    pm.collectionVariables.set(\"Rule_Date\", Rule_Date_url)",
													"    var consumer_url = pm.collectionVariables.get(\"CONNECTORA_URL\")",
													"    pm.collectionVariables.set(\"Rule_Date_ID\", Rule_Date_url.replace(consumer_url +\"/api/rules/\", \"\"))",
													"});"
												],
												"type": "text/javascript"
											}
										}
									],
									"protocolProfileBehavior": {
										"strictSSL": false
									},
									"request": {
										"method": "POST",
										"header": [],
										"body": {
											"mode": "raw",
											"raw": "{\n    \"title\": \"Interval restricted data usage:2023\",\n    \"description\": \"Valid from 1st Jan to 1st December 2023\",\n    \"value\": \"{    \\\"@context\\\": {        \\\"xsd\\\": \\\"http://www.w3.org/2001/XMLSchema#\\\",        \\\"ids\\\": \\\"https://w3id.org/idsa/core/\\\",        \\\"idsc\\\": \\\"https://w3id.org/idsa/code/\\\"    },    \\\"@type\\\": \\\"ids:Permission\\\",    \\\"@id\\\": \\\"https://w3id.org/idsa/autogen/permission/a7479616-c990-46f3-b7f9-7d1623792185\\\",    \\\"ids:description\\\": [        {            \\\"@value\\\": \\\"string\\\",            \\\"@type\\\": \\\"http://www.w3.org/2001/XMLSchema#string\\\"        }    ],    \\\"ids:title\\\": [        {            \\\"@value\\\": \\\"string\\\",            \\\"@type\\\": \\\"http://www.w3.org/2001/XMLSchema#string\\\"        }    ],    \\\"ids:constraint\\\": [        {            \\\"@type\\\": \\\"ids:Constraint\\\",            \\\"@id\\\": \\\"https://w3id.org/idsa/autogen/constraint/44a49035-1972-4860-a105-b35f4f0133c2\\\",            \\\"ids:operator\\\": {                \\\"@id\\\": \\\"https://w3id.org/idsa/code/AFTER\\\"            },            \\\"ids:leftOperand\\\": {                \\\"@id\\\": \\\"https://w3id.org/idsa/code/POLICY_EVALUATION_TIME\\\"            },            \\\"ids:rightOperand\\\": {                \\\"@value\\\": \\\"2023-01-01T09:00:00Z\\\",                \\\"@type\\\": \\\"xsd:dateTimeStamp\\\"            }        },        {            \\\"@type\\\": \\\"ids:Constraint\\\",            \\\"@id\\\": \\\"https://w3id.org/idsa/autogen/constraint/7e5b1078-a585-4895-8277-59faef8b1253\\\",            \\\"ids:operator\\\": {                \\\"@id\\\": \\\"https://w3id.org/idsa/code/BEFORE\\\"            },            \\\"ids:leftOperand\\\": {                \\\"@id\\\": \\\"https://w3id.org/idsa/code/POLICY_EVALUATION_TIME\\\"            },            \\\"ids:rightOperand\\\": {                \\\"@value\\\": \\\"2023-12-01T09:00:00Z\\\",                \\\"@type\\\": \\\"xsd:dateTimeStamp\\\"            }        }    ],    \\\"ids:action\\\": [        {            \\\"@id\\\": \\\"https://w3id.org/idsa/code/USE\\\"        }    ]}\"\n}",
											"options": {
												"raw": {
													"language": "json"
												}
											}
										},
										"url": {
											"raw": "{{CONNECTORA_URL}}/api/rules",
											"host": [
												"{{CONNECTORA_URL}}"
											],
											"path": [
												"api",
												"rules"
											]
										}
									},
									"response": []
								},
								{
									"name": "Rule N times - Contract 0.0",
									"event": [
										{
											"listen": "test",
											"script": {
												"exec": [
													"pm.test(\"Status code is 200\", function () {",
													"    pm.response.to.have.status(200);",
													"});",
													""
												],
												"type": "text/javascript"
											}
										}
									],
									"protocolProfileBehavior": {
										"strictSSL": false
									},
									"request": {
										"method": "POST",
										"header": [],
										"body": {
											"mode": "raw",
											"raw": "[\n    \"{{Rule_N_Downloads}}\"  \n]",
											"options": {
												"raw": {
													"language": "json"
												}
											}
										},
										"url": {
											"raw": "{{Contract_0_0}}/rules",
											"host": [
												"{{Contract_0_0}}"
											],
											"path": [
												"rules"
											]
										}
									},
									"response": []
								},
								{
									"name": "Rules - Contract 0.0",
									"event": [
										{
											"listen": "test",
											"script": {
												"exec": [
													"pm.test(\"Status code is 200\", function () {",
													"    pm.response.to.have.status(200);",
													"});",
													""
												],
												"type": "text/javascript"
											}
										}
									],
									"protocolProfileBehavior": {
										"strictSSL": false
									},
									"request": {
										"method": "POST",
										"header": [],
										"body": {
											"mode": "raw",
											"raw": "[\n    \"{{Rule_Date}}\"  \n]",
											"options": {
												"raw": {
													"language": "json"
												}
											}
										},
										"url": {
											"raw": "{{Contract_0_0}}/rules",
											"host": [
												"{{Contract_0_0}}"
											],
											"path": [
												"rules"
											]
										}
									},
									"response": []
								}
							]
						},
						{
							"name": "Cat 0",
							"item": [
								{
									"name": "Create Cat 0",
									"item": [
										{
											"name": "Cat 0",
											"event": [
												{
													"listen": "test",
													"script": {
														"exec": [
															"pm.test(\"Retrieve Catalog ID\", function () {",
															"    var jsonData = pm.response.json();",
															"    var cat_url = jsonData[\"_links\"][\"self\"][\"href\"]",
															"    pm.collectionVariables.set(\"Catalog_0\", cat_url)",
															"    var consumer_url = pm.collectionVariables.get(\"CONNECTORA_URL\")",
															"    pm.collectionVariables.set(\"Catalog_0_ID\", cat_url.replace(consumer_url+\"/api/catalogs/\", \"\"))",
															"});",
															"",
															"pm.test(\"Status code is 201\", function () {",
															"    pm.response.to.have.status(201);",
															"});"
														],
														"type": "text/javascript"
													}
												}
											],
											"protocolProfileBehavior": {
												"strictSSL": false
											},
											"request": {
												"method": "POST",
												"header": [],
												"body": {
													"mode": "raw",
													"raw": "{\"title\": \"Proba-Katalogoa/Catálogo de Prueba/Test Catalog\", \n\"description\": \"Katalogoaren deskribapenaren adibidea/Ejemplo de descripción del catálogo/Catalog description example\"}",
													"options": {
														"raw": {
															"language": "json"
														}
													}
												},
												"url": {
													"raw": "{{CONNECTORA_URL}}/api/catalogs",
													"host": [
														"{{CONNECTORA_URL}}"
													],
													"path": [
														"api",
														"catalogs"
													]
												}
											},
											"response": []
										}
									]
								},
								{
									"name": "Offer 0.0",
									"item": [
										{
											"name": "Create Offer 0.0 and link to Catalog 0",
											"item": [
												{
													"name": "Offer 0.0",
													"event": [
														{
															"listen": "test",
															"script": {
																"exec": [
																	"pm.test(\"Retrieve Offer ID\", function () {",
																	"    var jsonData = pm.response.json();",
																	"    var off_url = jsonData[\"_links\"][\"self\"][\"href\"]",
																	"    pm.collectionVariables.set(\"Offer_0_0\", off_url)",
																	"    var consumer_url = pm.collectionVariables.get(\"CONNECTORA_URL\")",
																	"    pm.collectionVariables.set(\"Offer_0_0_ID\", off_url.replace(consumer_url+\"/api/offers/\", \"\"))",
																	"});",
																	"",
																	"pm.test(\"Status code is 201\", function () {",
																	"    pm.response.to.have.status(201);",
																	"});"
																],
																"type": "text/javascript"
															}
														}
													],
													"protocolProfileBehavior": {
														"strictSSL": false
													},
													"request": {
														"method": "POST",
														"header": [],
														"body": {
															"mode": "raw",
															"raw": "{\n  \"title\": \"Proba-Eskaintza/Oferta de Prueba/Test Offer\",\n  \"description\": \"Eskaintzaren deskribapenaren adibidea/Descripción de prueba de la oferta/Offer description example\",\n  \"keywords\": [\n    \"DWD\"\n  ],\n  \"publisher\": \"https://dwd.com\",\n  \"language\": \"DE\",\n  \"license\": \"\",\n  \"sovereign\": \"https://dwd.com\",\n  \"endpointDocumentation\": \"\",\n  \"paymentModality\": \"undefined\"\n}\n",
															"options": {
																"raw": {
																	"language": "json"
																}
															}
														},
														"url": {
															"raw": "{{CONNECTORA_URL}}/api/offers",
															"host": [
																"{{CONNECTORA_URL}}"
															],
															"path": [
																"api",
																"offers"
															]
														}
													},
													"response": []
												},
												{
													"name": "Offer 0.0 - Catalog 0",
													"event": [
														{
															"listen": "test",
															"script": {
																"exec": [
																	"pm.test(\"Status code is 200\", function () {",
																	"    pm.response.to.have.status(200);",
																	"});"
																],
																"type": "text/javascript"
															}
														}
													],
													"protocolProfileBehavior": {
														"strictSSL": false
													},
													"request": {
														"method": "POST",
														"header": [],
														"body": {
															"mode": "raw",
															"raw": "[ \n\"{{Offer_0_0}}\"\n]",
															"options": {
																"raw": {
																	"language": "json"
																}
															}
														},
														"url": {
															"raw": "{{Catalog_0}}/offers",
															"host": [
																"{{Catalog_0}}"
															],
															"path": [
																"offers"
															]
														}
													},
													"response": []
												},
												{
													"name": "Contract 0.0 - Offer 0.0",
													"event": [
														{
															"listen": "test",
															"script": {
																"exec": [
																	"pm.test(\"Status code is 200\", function () {",
																	"    pm.response.to.have.status(200);",
																	"});"
																],
																"type": "text/javascript"
															}
														}
													],
													"protocolProfileBehavior": {
														"strictSSL": false
													},
													"request": {
														"method": "POST",
														"header": [],
														"body": {
															"mode": "raw",
															"raw": "[\"{{Contract_0_0}}\"]",
															"options": {
																"raw": {
																	"language": "json"
																}
															}
														},
														"url": {
															"raw": "{{Offer_0_0}}/contracts",
															"host": [
																"{{Offer_0_0}}"
															],
															"path": [
																"contracts"
															]
														}
													},
													"response": []
												}
											]
										},
										{
											"name": "Representation 0.0.0",
											"item": [
												{
													"name": "Create Rep 0.0.0 and Link to Offer 0.0",
													"item": [
														{
															"name": "Rep 0.0.0",
															"event": [
																{
																	"listen": "test",
																	"script": {
																		"exec": [
																			"pm.test(\"Retrieve Representation ID\", function () {",
																			"    var jsonData = pm.response.json();",
																			"    var rep_url = jsonData[\"_links\"][\"self\"][\"href\"]",
																			"    pm.collectionVariables.set(\"Rep_0_0_0\", rep_url)",
																			"    var consumer_url = pm.collectionVariables.get(\"CONNECTORA_URL\")",
																			"    pm.collectionVariables.set(\"Rep_0_0_0_ID\", rep_url.replace(consumer_url+\"/api/representations/\", \"\"))",
																			"});",
																			"",
																			"pm.test(\"Status code is 201\", function () {",
																			"    pm.response.to.have.status(201);",
																			"});"
																		],
																		"type": "text/javascript"
																	}
																}
															],
															"protocolProfileBehavior": {
																"strictSSL": false
															},
															"request": {
																"method": "POST",
																"header": [],
																"body": {
																	"mode": "raw",
																	"raw": "{\"title\": \"Representation for txts\",\"description\": \"Description of representation for txts\", \"mediaType\": \"txt\", \"language\": \"https://w3id.org/idsa/code/EN\"}",
																	"options": {
																		"raw": {
																			"language": "json"
																		}
																	}
																},
																"url": {
																	"raw": "{{CONNECTORA_URL}}/api/representations",
																	"host": [
																		"{{CONNECTORA_URL}}"
																	],
																	"path": [
																		"api",
																		"representations"
																	]
																}
															},
															"response": []
														},
														{
															"name": "Rep 0.0.0 - Oferta 0.0",
															"event": [
																{
																	"listen": "test",
																	"script": {
																		"exec": [
																			"pm.test(\"Status code is 200\", function () {",
																			"    pm.response.to.have.status(200);",
																			"});"
																		],
																		"type": "text/javascript"
																	}
																}
															],
															"protocolProfileBehavior": {
																"strictSSL": false
															},
															"request": {
																"method": "POST",
																"header": [],
																"body": {
																	"mode": "raw",
																	"raw": "[\"{{Rep_0_0_0}}\"]",
																	"options": {
																		"raw": {
																			"language": "json"
																		}
																	}
																},
																"url": {
																	"raw": "{{Offer_0_0}}/representations",
																	"host": [
																		"{{Offer_0_0}}"
																	],
																	"path": [
																		"representations"
																	]
																}
															},
															"response": []
														}
													]
												},
												{
													"name": "Artifact 0.0.0.0",
													"item": [
														{
															"name": "Artifact 0.0.0.0",
															"event": [
																{
																	"listen": "test",
																	"script": {
																		"exec": [
																			"pm.test(\"Retrieve Artifact ID\", function () {",
																			"    var jsonData = pm.response.json();",
																			"    var artifacts_url = jsonData[\"_links\"][\"self\"][\"href\"]",
																			"    pm.collectionVariables.set(\"Artifact_0_0_0_0\", artifacts_url)",
																			"    var consumer_url = pm.collectionVariables.get(\"CONNECTORA_URL\")",
																			"    pm.collectionVariables.set(\"Artifact_0_0_0_0_ID\", artifacts_url.replace(consumer_url+\"/api/artifacts/\", \"\"))",
																			"});",
																			"",
																			"pm.test(\"Status code is 201\", function () {",
																			"    pm.response.to.have.status(201);",
																			"});"
																		],
																		"type": "text/javascript"
																	}
																}
															],
															"protocolProfileBehavior": {
																"strictSSL": false
															},
															"request": {
																"method": "POST",
																"header": [],
																"body": {
																	"mode": "raw",
																	"raw": "{\n    \"title\": \"Txt Proba-Fitxategia/Fichero de Prueba Txt/Test Txt File\",\n    \"description\": \"Txt Fitxategiaren deskribapenaren adibidea/Descripción de prueba del fichero Txt/Txt file description example\",\n    \"value\" : \"Test Artifact 0\", \n    \"automatedDownload\": true\n}",
																	"options": {
																		"raw": {
																			"language": "json"
																		}
																	}
																},
																"url": {
																	"raw": "{{CONNECTORA_URL}}/api/artifacts",
																	"host": [
																		"{{CONNECTORA_URL}}"
																	],
																	"path": [
																		"api",
																		"artifacts"
																	]
																}
															},
															"response": []
														},
														{
															"name": "Artifact 0.0.0.0 - Rep 0.0.0",
															"event": [
																{
																	"listen": "test",
																	"script": {
																		"exec": [
																			"pm.test(\"Status code is 200\", function () {",
																			"    pm.response.to.have.status(200);",
																			"});"
																		],
																		"type": "text/javascript"
																	}
																}
															],
															"protocolProfileBehavior": {
																"strictSSL": false
															},
															"request": {
																"method": "POST",
																"header": [],
																"body": {
																	"mode": "raw",
																	"raw": "[\n    \"{{Artifact_0_0_0_0}}\"\n]",
																	"options": {
																		"raw": {
																			"language": "json"
																		}
																	}
																},
																"url": {
																	"raw": "{{Rep_0_0_0}}/artifacts",
																	"host": [
																		"{{Rep_0_0_0}}"
																	],
																	"path": [
																		"artifacts"
																	]
																}
															},
															"response": []
														}
													]
												}
											]
										},
										{
											"name": "Representation 0.0.1",
											"item": [
												{
													"name": "Create Rep 0.0.1 and Link to Offer 0.0",
													"item": [
														{
															"name": "Rep 0.0.1",
															"event": [
																{
																	"listen": "test",
																	"script": {
																		"exec": [
																			"pm.test(\"Retrieve Representation ID\", function () {",
																			"    var jsonData = pm.response.json();",
																			"    var rep_url = jsonData[\"_links\"][\"self\"][\"href\"]",
																			"    pm.collectionVariables.set(\"Rep_0_0_1\", rep_url)",
																			"    var consumer_url = pm.collectionVariables.get(\"CONNECTORA_URL\")",
																			"    pm.collectionVariables.set(\"Rep_0_0_1_ID\", rep_url.replace(consumer_url+\"/api/representations/\", \"\"))",
																			"});",
																			"",
																			"pm.test(\"Status code is 201\", function () {",
																			"    pm.response.to.have.status(201);",
																			"});"
																		],
																		"type": "text/javascript"
																	}
																}
															],
															"protocolProfileBehavior": {
																"strictSSL": false
															},
															"request": {
																"method": "POST",
																"header": [],
																"body": {
																	"mode": "raw",
																	"raw": "{\"title\": \"Representation for Logs\",\"description\": \"\", \"mediaType\": \"log\", \"language\": \"https://w3id.org/idsa/code/EN\"}",
																	"options": {
																		"raw": {
																			"language": "json"
																		}
																	}
																},
																"url": {
																	"raw": "{{CONNECTORA_URL}}/api/representations",
																	"host": [
																		"{{CONNECTORA_URL}}"
																	],
																	"path": [
																		"api",
																		"representations"
																	]
																}
															},
															"response": []
														},
														{
															"name": "Rep 0.0.1 - Oferta 0.0",
															"event": [
																{
																	"listen": "test",
																	"script": {
																		"exec": [
																			"pm.test(\"Status code is 200\", function () {",
																			"    pm.response.to.have.status(200);",
																			"});"
																		],
																		"type": "text/javascript"
																	}
																}
															],
															"protocolProfileBehavior": {
																"strictSSL": false
															},
															"request": {
																"method": "POST",
																"header": [],
																"body": {
																	"mode": "raw",
																	"raw": "[\"{{Rep_0_0_1}}\"]",
																	"options": {
																		"raw": {
																			"language": "json"
																		}
																	}
																},
																"url": {
																	"raw": "{{Offer_0_0}}/representations",
																	"host": [
																		"{{Offer_0_0}}"
																	],
																	"path": [
																		"representations"
																	]
																}
															},
															"response": []
														}
													]
												},
												{
													"name": "Artifact 0.0.1.0",
													"item": [
														{
															"name": "Artifact 0.0.1.0",
															"event": [
																{
																	"listen": "test",
																	"script": {
																		"exec": [
																			"pm.test(\"Retrieve Artifact ID\", function () {",
																			"    var jsonData = pm.response.json();",
																			"    var artifacts_url = jsonData[\"_links\"][\"self\"][\"href\"]",
																			"    pm.collectionVariables.set(\"Artifact_0_0_1_0\", artifacts_url)",
																			"    var consumer_url = pm.collectionVariables.get(\"CONNECTORA_URL\")",
																			"    pm.collectionVariables.set(\"Artifact_0_0_1_0_ID\", artifacts_url.replace(consumer_url+\"/api/artifacts/\", \"\"))",
																			"});",
																			"",
																			"pm.test(\"Status code is 201\", function () {",
																			"    pm.response.to.have.status(201);",
																			"});"
																		],
																		"type": "text/javascript"
																	}
																}
															],
															"protocolProfileBehavior": {
																"strictSSL": false
															},
															"request": {
																"method": "POST",
																"header": [],
																"body": {
																	"mode": "raw",
																	"raw": "{\n    \"title\": \"Log Proba-Fitxategia/Fichero de Prueba Log/Test Log File\",\n    \"description\": \"Log fitxategiaren deskribapenaren adibidea/Descripción de prueba del fichero Log/Log file description example\",\n    \"value\" : \"Test Artifact 1\",\n    \"automatedDownload\": true\n}",
																	"options": {
																		"raw": {
																			"language": "json"
																		}
																	}
																},
																"url": {
																	"raw": "{{CONNECTORA_URL}}/api/artifacts",
																	"host": [
																		"{{CONNECTORA_URL}}"
																	],
																	"path": [
																		"api",
																		"artifacts"
																	]
																}
															},
															"response": []
														},
														{
															"name": "Artifact 0.0.1.0 - Rep 0.0.1",
															"event": [
																{
																	"listen": "test",
																	"script": {
																		"exec": [
																			"pm.test(\"Status code is 200\", function () {",
																			"    pm.response.to.have.status(200);",
																			"});"
																		],
																		"type": "text/javascript"
																	}
																}
															],
															"protocolProfileBehavior": {
																"strictSSL": false
															},
															"request": {
																"method": "POST",
																"header": [],
																"body": {
																	"mode": "raw",
																	"raw": "[\n    \"{{Artifact_0_0_1_0}}\"\n]",
																	"options": {
																		"raw": {
																			"language": "json"
																		}
																	}
																},
																"url": {
																	"raw": "{{Rep_0_0_1}}/artifacts",
																	"host": [
																		"{{Rep_0_0_1}}"
																	],
																	"path": [
																		"artifacts"
																	]
																}
															},
															"response": []
														}
													]
												}
											]
										}
									]
								}
							]
						}
					]
				},
				{
					"name": "MDB Update",
					"item": [
						{
							"name": "Provider (Conn A)",
							"item": [
								{
									"name": "Connector A - MDB",
									"event": [
										{
											"listen": "test",
											"script": {
												"type": "text/javascript",
												"exec": [
													"pm.test(\"Status code is 200\", function () {",
													"    pm.response.to.have.status(200);",
													"});"
												]
											}
										}
									],
									"protocolProfileBehavior": {
										"disabledSystemHeaders": {},
										"strictSSL": false
									},
									"request": {
										"method": "POST",
										"header": [],
										"body": {
											"mode": "raw",
											"raw": "",
											"options": {
												"raw": {
													"language": "json"
												}
											}
										},
										"url": {
											"raw": "{{CONNECTORA_URL}}/api/ids/connector/update?recipient={{BROKER}}",
											"host": [
												"{{CONNECTORA_URL}}"
											],
											"path": [
												"api",
												"ids",
												"connector",
												"update"
											],
											"query": [
												{
													"key": "recipient",
													"value": "{{BROKER}}"
												}
											]
										}
									},
									"response": []
								},
								{
									"name": "Checking A",
									"event": [
										{
											"listen": "test",
											"script": {
												"exec": [
													"pm.test(\"Select the first catalog from the list of catalog ID\", function () {\r",
													"    var jsonData = pm.response.json();\r",
													"    pm.collectionVariables.set(\"MDB_A_Check\", jsonData[\"@graph\"][1][\"@id\"])\r",
													"});"
												],
												"type": "text/javascript"
											}
										}
									],
									"protocolProfileBehavior": {
										"strictSSL": false
									},
									"request": {
										"method": "POST",
										"header": [],
										"body": {
											"mode": "raw",
											"raw": ""
										},
										"url": {
											"raw": "{{CONNECTORA_URL}}/api/ids/description?recipient={{BROKER}}&elementId=https://localhost/connectors/",
											"host": [
												"{{CONNECTORA_URL}}"
											],
											"path": [
												"api",
												"ids",
												"description"
											],
											"query": [
												{
													"key": "recipient",
													"value": "{{BROKER}}"
												},
												{
													"key": "elementId",
													"value": "https://localhost/connectors/"
												}
											]
										}
									},
									"response": []
								}
							]
						},
						{
							"name": "Consumer (Conn B)",
							"item": [
								{
									"name": "Connector B - MDB",
									"event": [
										{
											"listen": "test",
											"script": {
												"type": "text/javascript",
												"exec": [
													"pm.test(\"Status code is 200\", function () {",
													"    pm.response.to.have.status(200);",
													"});"
												]
											}
										}
									],
									"protocolProfileBehavior": {
										"disabledSystemHeaders": {},
										"strictSSL": false
									},
									"request": {
										"method": "POST",
										"header": [],
										"body": {
											"mode": "raw",
											"raw": "",
											"options": {
												"raw": {
													"language": "json"
												}
											}
										},
										"url": {
											"raw": "{{CONNECTORB_URL}}/api/ids/connector/update?recipient={{BROKER}}",
											"host": [
												"{{CONNECTORB_URL}}"
											],
											"path": [
												"api",
												"ids",
												"connector",
												"update"
											],
											"query": [
												{
													"key": "recipient",
													"value": "{{BROKER}}"
												}
											]
										}
									},
									"response": []
								},
								{
									"name": "Checking B",
									"event": [
										{
											"listen": "test",
											"script": {
												"exec": [
													"pm.test(\"Select the first catalog from the list of catalog ID\", function () {\r",
													"    var jsonData = pm.response.json();\r",
													"    pm.collectionVariables.set(\"MDB_B_Check\", jsonData[\"@graph\"][1][\"@id\"])\r",
													"});"
												],
												"type": "text/javascript"
											}
										}
									],
									"protocolProfileBehavior": {
										"strictSSL": false
									},
									"request": {
										"method": "POST",
										"header": [],
										"body": {
											"mode": "raw",
											"raw": ""
										},
										"url": {
											"raw": "{{CONNECTORB_URL}}/api/ids/description?recipient={{BROKER}}&elementId=https://localhost/connectors/",
											"host": [
												"{{CONNECTORB_URL}}"
											],
											"path": [
												"api",
												"ids",
												"description"
											],
											"query": [
												{
													"key": "recipient",
													"value": "{{BROKER}}"
												},
												{
													"key": "elementId",
													"value": "https://localhost/connectors/"
												}
											]
										}
									},
									"response": []
								}
							]
						}
					]
				}
			]
		},
		{
			"name": "Consumer Management",
			"item": [
				{
					"name": "Contract Negociation",
					"item": [
						{
							"name": "Agreements B - A (Consumer - Provider)",
							"item": [
								{
									"name": "Retrieve Info to negociate for agreements",
									"item": [
										{
											"name": "Request SD of Provider (Connector A)",
											"event": [
												{
													"listen": "test",
													"script": {
														"exec": [
															"pm.test(\"Retrieve Catalog ID\", function () {\r",
															"    var jsonData = pm.response.json();\r",
															"    pm.collectionVariables.set(\"Provider_Catalog_0\", jsonData[\"ids:resourceCatalog\"][0][\"@id\"])\r",
															"});\r",
															"\r",
															"pm.test(\"Status code is 200\", function () {\r",
															"    pm.response.to.have.status(200);\r",
															"});"
														],
														"type": "text/javascript"
													}
												}
											],
											"protocolProfileBehavior": {
												"strictSSL": false
											},
											"request": {
												"method": "POST",
												"header": [],
												"url": {
													"raw": "{{CONNECTORB_URL}}/api/ids/description?recipient={{CONNECTORA_URL}}/api/ids/data",
													"host": [
														"{{CONNECTORB_URL}}"
													],
													"path": [
														"api",
														"ids",
														"description"
													],
													"query": [
														{
															"key": "recipient",
															"value": "{{CONNECTORA_URL}}/api/ids/data"
														}
													]
												}
											},
											"response": []
										},
										{
											"name": "Request Catalog 0 SD from Provider (Connector A)",
											"event": [
												{
													"listen": "test",
													"script": {
														"exec": [
															"pm.test(\"Retrieve Catalog ID\", function () {\r",
															"    var jsonData = pm.response.json();\r",
															"    pm.collectionVariables.set(\"Provider_Offer_0_0\", jsonData[\"ids:offeredResource\"][0][\"@id\"]);\r",
															"    // Artifact IDs\r",
															"    pm.collectionVariables.set(\"Provider_artifact_0_0_0_0\", jsonData[\"ids:offeredResource\"][0][\"ids:representation\"][0][\"ids:instance\"][0][\"@id\"]);\r",
															"    pm.collectionVariables.set(\"Provider_artifact_0_0_1_0\", jsonData[\"ids:offeredResource\"][0][\"ids:representation\"][1][\"ids:instance\"][0][\"@id\"]);\r",
															"    // Rules and user policies\r",
															"    pm.collectionVariables.set(\"Provider_rule_0_0\", jsonData[\"ids:offeredResource\"][0][\"ids:contractOffer\"][0][\"ids:permission\"][0][\"@id\"]);\r",
															"    pm.collectionVariables.set(\"Policy0\", JSON.stringify(jsonData[\"ids:offeredResource\"][0][\"ids:contractOffer\"][0][\"ids:permission\"][0]));\r",
															"    pm.collectionVariables.set(\"Policy1\", JSON.stringify(jsonData[\"ids:offeredResource\"][0][\"ids:contractOffer\"][0][\"ids:permission\"][1]));\r",
															"    // First representation, first artifact (0_0_0_0)\r",
															"    var targetp_0_0_0_0 = JSON.stringify(\"ids:target\"+\":\"+pm.collectionVariables.get(\"Provider_artifact_0_0_0_0\"));\r",
															"    var targetp_0_0_0_0 = targetp_0_0_0_0.replace(\"target:\",String(\"target\"+\"\\\":\\\"\"));\r",
															"    pm.collectionVariables.set(\"target_0_0_0_0\",targetp_0_0_0_0);\r",
															"    pm.collectionVariables.set(\"Permission_0-0_0_0_0\",pm.collectionVariables.get(\"Policy0\").replace(\"}]}\",String(\"}]\"+\",\"+pm.collectionVariables.get(\"target_0_0_0_0\")+\"}\")));\r",
															"    pm.collectionVariables.set(\"Permission_1-0_0_0_0\",pm.collectionVariables.get(\"Policy1\").replace(\"}]}\",String(\"}]\"+\",\"+pm.collectionVariables.get(\"target_0_0_0_0\")+\"}\")));\r",
															"    // Second representation, first artifact (1_0)\r",
															"    var targetp_1_0 = JSON.stringify(\"ids:target\"+\":\"+pm.collectionVariables.get(\"Provider_artifact_0_0_1_0\"));\r",
															"    var targetp_1_0 = targetp_1_0.replace(\"target:\",String(\"target\"+\"\\\":\\\"\"));\r",
															"    pm.collectionVariables.set(\"target_0_0_1_0\",targetp_1_0);\r",
															"    pm.collectionVariables.set(\"Permission_0-0_0_1_0\",pm.collectionVariables.get(\"Policy0\").replace(\"}]}\",String(\"}]\"+\",\"+pm.collectionVariables.get(\"target_0_0_1_0\")+\"}\")));\r",
															"    pm.collectionVariables.set(\"Permission_1-0_0_1_0\",pm.collectionVariables.get(\"Policy1\").replace(\"}]}\",String(\"}]\"+\",\"+pm.collectionVariables.get(\"target_0_0_1_0\")+\"}\")));\r",
															"});\r",
															"\r",
															"pm.test(\"Status code is 200\", function () {\r",
															"    pm.response.to.have.status(200);\r",
															"});"
														],
														"type": "text/javascript"
													}
												}
											],
											"protocolProfileBehavior": {
												"strictSSL": false
											},
											"request": {
												"method": "POST",
												"header": [],
												"url": {
													"raw": "{{CONNECTORB_URL}}/api/ids/description?recipient={{CONNECTORA_URL}}/api/ids/data&elementId={{Provider_Catalog_0}}",
													"host": [
														"{{CONNECTORB_URL}}"
													],
													"path": [
														"api",
														"ids",
														"description"
													],
													"query": [
														{
															"key": "recipient",
															"value": "{{CONNECTORA_URL}}/api/ids/data"
														},
														{
															"key": "elementId",
															"value": "{{Provider_Catalog_0}}"
														}
													]
												}
											},
											"response": []
										}
									]
								},
								{
									"name": "Negociation Artifact 0.0.0.0",
									"item": [
										{
											"name": "Start Negotiation Artifact 0.0.0.0",
											"event": [
												{
													"listen": "test",
													"script": {
														"exec": [
															"pm.test(\"Retrieve Consumer agreement ID\", function () {\r",
															"    var jsonData = pm.response.json();\r",
															"    var agreementLong = jsonData[\"_links\"][\"self\"][\"href\"]\r",
															"    var consumer_url = pm.collectionVariables.get(\"CONNECTORB_URL\")\r",
															"    var agreementIdConsumer = agreementLong.replace(consumer_url+\"/api/agreements/\", \"\")\r",
															"    pm.collectionVariables.set(\"Consumer_B_Agreement_0_0_0_0\", agreementIdConsumer)\r",
															"});\r",
															"\r",
															"pm.test(\"Retrieve Provider agreement ID\", function () {\r",
															"    var jsonData = pm.response.json();\r",
															"    var agreementLongProvider = jsonData[\"remoteId\"]\r",
															"    var provider_url = pm.collectionVariables.get(\"CONNECTORA_URL\")\r",
															"    var agreementIdProvider = agreementLongProvider.replace(provider_url+\"/api/agreements/\", \"\")\r",
															"    pm.collectionVariables.set(\"Provider_A_Agreement_0_0_0_0\", agreementIdProvider)\r",
															"});\r",
															"\r",
															"\r",
															"pm.test(\"Status code is 201\", function () {\r",
															"    pm.response.to.have.status(201);\r",
															"});"
														],
														"type": "text/javascript"
													}
												}
											],
											"protocolProfileBehavior": {
												"disabledSystemHeaders": {},
												"strictSSL": false
											},
											"request": {
												"method": "POST",
												"header": [],
												"body": {
													"mode": "raw",
													"raw": "[ \r\n    {{Permission_0-0_0_0_0}},\r\n    {{Permission_1-0_0_0_0}}\r\n]",
													"options": {
														"raw": {
															"language": "json"
														}
													}
												},
												"url": {
													"raw": "{{CONNECTORB_URL}}/api/ids/contract?recipient={{CONNECTORA_URL}}/api/ids/data&resourceIds={{Provider_Offer_0_0}}&artifactIds={{Provider_artifact_0_0_0_0}}&download=false",
													"host": [
														"{{CONNECTORB_URL}}"
													],
													"path": [
														"api",
														"ids",
														"contract"
													],
													"query": [
														{
															"key": "recipient",
															"value": "{{CONNECTORA_URL}}/api/ids/data"
														},
														{
															"key": "resourceIds",
															"value": "{{Provider_Offer_0_0}}"
														},
														{
															"key": "artifactIds",
															"value": "{{Provider_artifact_0_0_0_0}}"
														},
														{
															"key": "download",
															"value": "false"
														}
													]
												}
											},
											"response": []
										},
										{
											"name": "Get link Artifact 0.0.0.0",
											"event": [
												{
													"listen": "test",
													"script": {
														"exec": [
															"pm.test(\"Retrieve data URL\", function () {\r",
															"    var jsonData = pm.response.json();\r",
															"    var dataLink = jsonData[\"_embedded\"][\"artifacts\"][0][\"_links\"][\"data\"][\"href\"]\r",
															"    pm.collectionVariables.set(\"dataLink_0_0_0_0\", dataLink)\r",
															"});"
														],
														"type": "text/javascript"
													}
												}
											],
											"protocolProfileBehavior": {
												"strictSSL": false
											},
											"request": {
												"method": "GET",
												"header": [],
												"url": {
													"raw": "{{CONNECTORB_URL}}/api/agreements/{{Consumer_B_Agreement_0_0_0_0}}/artifacts",
													"host": [
														"{{CONNECTORB_URL}}"
													],
													"path": [
														"api",
														"agreements",
														"{{Consumer_B_Agreement_0_0_0_0}}",
														"artifacts"
													]
												}
											},
											"response": []
										}
									]
								},
								{
									"name": "Negociation Artifact 0.0.1.0",
									"item": [
										{
											"name": "Start Negotiation Artifact 0.0.1.0",
											"event": [
												{
													"listen": "test",
													"script": {
														"exec": [
															"pm.test(\"Retrieve Consumer agreement ID\", function () {\r",
															"    var jsonData = pm.response.json();\r",
															"    var agreementLong = jsonData[\"_links\"][\"self\"][\"href\"]\r",
															"    var consumer_url = pm.collectionVariables.get(\"CONNECTORB_URL\")\r",
															"    var agreementIdConsumer = agreementLong.replace(consumer_url+\"/api/agreements/\", \"\")\r",
															"    pm.collectionVariables.set(\"Consumer_B_Agreement_0_0_1_0\", agreementIdConsumer)\r",
															"});\r",
															"\r",
															"pm.test(\"Retrieve Provider agreement ID\", function () {\r",
															"    var jsonData = pm.response.json();\r",
															"    var agreementLongProvider = jsonData[\"remoteId\"]\r",
															"    var provider_url = pm.collectionVariables.get(\"CONNECTORA_URL\")\r",
															"    var agreementIdProvider = agreementLongProvider.replace(provider_url+\"/api/agreements/\", \"\")\r",
															"    pm.collectionVariables.set(\"Provider_A_Agreement_0_0_1_0\", agreementIdProvider)\r",
															"});\r",
															"\r",
															"\r",
															"pm.test(\"Status code is 201\", function () {\r",
															"    pm.response.to.have.status(201);\r",
															"});"
														],
														"type": "text/javascript"
													}
												}
											],
											"protocolProfileBehavior": {
												"disabledSystemHeaders": {},
												"strictSSL": false
											},
											"request": {
												"method": "POST",
												"header": [],
												"body": {
													"mode": "raw",
													"raw": "[ \r\n    {{Permission_0-0_0_1_0}},\r\n    {{Permission_1-0_0_1_0}}\r\n]",
													"options": {
														"raw": {
															"language": "json"
														}
													}
												},
												"url": {
													"raw": "{{CONNECTORB_URL}}/api/ids/contract?recipient={{CONNECTORA_URL}}/api/ids/data&resourceIds={{Provider_Offer_0_0}}&artifactIds={{Provider_artifact_0_0_1_0}}&download=false",
													"host": [
														"{{CONNECTORB_URL}}"
													],
													"path": [
														"api",
														"ids",
														"contract"
													],
													"query": [
														{
															"key": "recipient",
															"value": "{{CONNECTORA_URL}}/api/ids/data"
														},
														{
															"key": "resourceIds",
															"value": "{{Provider_Offer_0_0}}"
														},
														{
															"key": "artifactIds",
															"value": "{{Provider_artifact_0_0_1_0}}"
														},
														{
															"key": "download",
															"value": "false"
														}
													]
												}
											},
											"response": []
										},
										{
											"name": "Start Negotiation Artifact 0.0.1.0",
											"event": [
												{
													"listen": "test",
													"script": {
														"exec": [
															"pm.test(\"Retrieve data URL\", function () {\r",
															"    var jsonData = pm.response.json();\r",
															"    var dataLink = jsonData[\"_embedded\"][\"artifacts\"][0][\"_links\"][\"data\"][\"href\"]\r",
															"    pm.collectionVariables.set(\"dataLink_0_0_1_0\", dataLink)\r",
															"});"
														],
														"type": "text/javascript"
													}
												}
											],
											"protocolProfileBehavior": {
												"strictSSL": false
											},
											"request": {
												"method": "GET",
												"header": [],
												"url": {
													"raw": "{{CONNECTORB_URL}}/api/agreements/{{Consumer_B_Agreement_0_0_1_0}}/artifacts",
													"host": [
														"{{CONNECTORB_URL}}"
													],
													"path": [
														"api",
														"agreements",
														"{{Consumer_B_Agreement_0_0_1_0}}",
														"artifacts"
													]
												}
											},
											"response": []
										}
									]
								}
							]
						}
					]
				},
				{
					"name": "Test Downloads",
					"item": [
						{
							"name": "Obtain data Artifact 0.0.0.0",
							"event": [
								{
									"listen": "test",
									"script": {
										"exec": [
											"pm.test(\"Status code is 200\", function () {",
											"    pm.response.to.have.status(200);",
											"});"
										],
										"type": "text/javascript"
									}
								}
							],
							"protocolProfileBehavior": {
								"disableBodyPruning": true,
								"strictSSL": false
							},
							"request": {
								"method": "GET",
								"header": [],
								"body": {
									"mode": "raw",
									"raw": ""
								},
								"url": {
									"raw": "{{dataLink_0_0_0_0}}",
									"host": [
										"{{dataLink_0_0_0_0}}"
									]
								}
							},
							"response": []
						},
						{
							"name": "Obtain data Artifact 0.0.1.0",
							"event": [
								{
									"listen": "test",
									"script": {
										"exec": [
											"pm.test(\"Status code is 200\", function () {",
											"    pm.response.to.have.status(200);",
											"});"
										],
										"type": "text/javascript"
									}
								}
							],
							"protocolProfileBehavior": {
								"disableBodyPruning": true,
								"strictSSL": false
							},
							"request": {
								"method": "GET",
								"header": [],
								"body": {
									"mode": "raw",
									"raw": ""
								},
								"url": {
									"raw": "{{dataLink_0_0_1_0}}",
									"host": [
										"{{dataLink_0_0_1_0}}"
									]
								}
							},
							"response": []
						}
					]
				}
			]
		},
		{
			"name": "Provider Management",
			"item": [
				{
					"name": "Get Resources",
					"item": [
						{
							"name": "All Catalog Content",
							"item": [
								{
									"name": "All Content",
									"event": [
										{
											"listen": "test",
											"script": {
												"exec": [
													"pm.test(\"Status code is 200\", function () {\r",
													"    pm.response.to.have.status(200);\r",
													"});"
												],
												"type": "text/javascript"
											}
										}
									],
									"protocolProfileBehavior": {
										"disabledSystemHeaders": {},
										"strictSSL": false
									},
									"request": {
										"method": "POST",
										"header": [],
										"body": {
											"mode": "raw",
											"raw": "",
											"options": {
												"raw": {
													"language": "json"
												}
											}
										},
										"url": {
											"raw": "{{CONNECTORA_URL}}/api/ids/description?recipient={{CONNECTORA_DNS}}/api/ids/data&elementId={{Catalog_0}}",
											"host": [
												"{{CONNECTORA_URL}}"
											],
											"path": [
												"api",
												"ids",
												"description"
											],
											"query": [
												{
													"key": "recipient",
													"value": "{{CONNECTORA_DNS}}/api/ids/data"
												},
												{
													"key": "elementId",
													"value": "{{Catalog_0}}"
												}
											]
										}
									},
									"response": []
								}
							]
						},
						{
							"name": "Catalogs",
							"item": [
								{
									"name": "Catalogs",
									"event": [
										{
											"listen": "test",
											"script": {
												"exec": [
													"pm.test(\"Status code is 200\", function () {\r",
													"    pm.response.to.have.status(200);\r",
													"});"
												],
												"type": "text/javascript"
											}
										}
									],
									"protocolProfileBehavior": {
										"disabledSystemHeaders": {},
										"strictSSL": false,
										"disableBodyPruning": true
									},
									"request": {
										"method": "GET",
										"header": [],
										"body": {
											"mode": "raw",
											"raw": "",
											"options": {
												"raw": {
													"language": "json"
												}
											}
										},
										"url": {
											"raw": "{{CONNECTORA_URL}}/api/catalogs",
											"host": [
												"{{CONNECTORA_URL}}"
											],
											"path": [
												"api",
												"catalogs"
											]
										}
									},
									"response": []
								},
								{
									"name": "Catalog from ID",
									"event": [
										{
											"listen": "test",
											"script": {
												"exec": [
													"pm.test(\"Status code is 200\", function () {\r",
													"    pm.response.to.have.status(200);\r",
													"});"
												],
												"type": "text/javascript"
											}
										}
									],
									"protocolProfileBehavior": {
										"disabledSystemHeaders": {},
										"strictSSL": false,
										"disableBodyPruning": true
									},
									"request": {
										"method": "GET",
										"header": [],
										"body": {
											"mode": "raw",
											"raw": "",
											"options": {
												"raw": {
													"language": "json"
												}
											}
										},
										"url": {
											"raw": "{{CONNECTORA_URL}}/api/catalogs/{{Catalog_0_ID}}",
											"host": [
												"{{CONNECTORA_URL}}"
											],
											"path": [
												"api",
												"catalogs",
												"{{Catalog_0_ID}}"
											]
										}
									},
									"response": []
								},
								{
									"name": "Catalog from URL",
									"event": [
										{
											"listen": "test",
											"script": {
												"exec": [
													"pm.test(\"Status code is 200\", function () {\r",
													"    pm.response.to.have.status(200);\r",
													"});"
												],
												"type": "text/javascript"
											}
										}
									],
									"protocolProfileBehavior": {
										"disabledSystemHeaders": {},
										"strictSSL": false,
										"disableBodyPruning": true
									},
									"request": {
										"method": "GET",
										"header": [],
										"body": {
											"mode": "raw",
											"raw": "",
											"options": {
												"raw": {
													"language": "json"
												}
											}
										},
										"url": {
											"raw": "{{Catalog_0}}",
											"host": [
												"{{Catalog_0}}"
											]
										}
									},
									"response": []
								},
								{
									"name": "Catalog from URL Copy",
									"event": [
										{
											"listen": "test",
											"script": {
												"exec": [
													"pm.test(\"Status code is 200\", function () {\r",
													"    pm.response.to.have.status(200);\r",
													"});"
												],
												"type": "text/javascript"
											}
										}
									],
									"protocolProfileBehavior": {
										"disabledSystemHeaders": {},
										"strictSSL": false,
										"disableBodyPruning": true
									},
									"request": {
										"method": "GET",
										"header": [],
										"body": {
											"mode": "raw",
											"raw": "",
											"options": {
												"raw": {
													"language": "json"
												}
											}
										},
										"url": {
											"raw": "https://invitado-1.sqsdataspacetest.com/api/catalogs/3c2142a4-f8cb-46b9-b264-5023cc4deb2e",
											"protocol": "https",
											"host": [
												"invitado-1",
												"sqsdataspacetest",
												"com"
											],
											"path": [
												"api",
												"catalogs",
												"3c2142a4-f8cb-46b9-b264-5023cc4deb2e"
											]
										}
									},
									"response": []
								}
							]
						},
						{
							"name": "Offers",
							"item": [
								{
									"name": "Offers",
									"event": [
										{
											"listen": "test",
											"script": {
												"exec": [
													"pm.test(\"Status code is 200\", function () {\r",
													"    pm.response.to.have.status(200);\r",
													"});"
												],
												"type": "text/javascript"
											}
										}
									],
									"protocolProfileBehavior": {
										"disabledSystemHeaders": {},
										"strictSSL": false,
										"disableBodyPruning": true
									},
									"request": {
										"method": "GET",
										"header": [],
										"body": {
											"mode": "raw",
											"raw": "",
											"options": {
												"raw": {
													"language": "json"
												}
											}
										},
										"url": {
											"raw": "{{CONNECTORA_URL}}/api/offers",
											"host": [
												"{{CONNECTORA_URL}}"
											],
											"path": [
												"api",
												"offers"
											]
										}
									},
									"response": []
								},
								{
									"name": "Offers for Catalog ID",
									"event": [
										{
											"listen": "test",
											"script": {
												"exec": [
													"pm.test(\"Status code is 200\", function () {\r",
													"    pm.response.to.have.status(200);\r",
													"});"
												],
												"type": "text/javascript"
											}
										}
									],
									"protocolProfileBehavior": {
										"disabledSystemHeaders": {},
										"strictSSL": false,
										"disableBodyPruning": true
									},
									"request": {
										"method": "GET",
										"header": [],
										"body": {
											"mode": "raw",
											"raw": "",
											"options": {
												"raw": {
													"language": "json"
												}
											}
										},
										"url": {
											"raw": "{{CONNECTORA_URL}}/api/catalogs/{{Catalog_0_ID}}/offers",
											"host": [
												"{{CONNECTORA_URL}}"
											],
											"path": [
												"api",
												"catalogs",
												"{{Catalog_0_ID}}",
												"offers"
											]
										}
									},
									"response": []
								},
								{
									"name": "Offers for Catalog URL",
									"event": [
										{
											"listen": "test",
											"script": {
												"exec": [
													"pm.test(\"Status code is 200\", function () {\r",
													"    pm.response.to.have.status(200);\r",
													"});"
												],
												"type": "text/javascript"
											}
										}
									],
									"protocolProfileBehavior": {
										"disabledSystemHeaders": {},
										"strictSSL": false,
										"disableBodyPruning": true
									},
									"request": {
										"method": "GET",
										"header": [],
										"body": {
											"mode": "raw",
											"raw": "",
											"options": {
												"raw": {
													"language": "json"
												}
											}
										},
										"url": {
											"raw": "{{Catalog_0}}/offers",
											"host": [
												"{{Catalog_0}}"
											],
											"path": [
												"offers"
											]
										}
									},
									"response": []
								}
							]
						},
						{
							"name": "Contracts",
							"item": [
								{
									"name": "Contracts",
									"event": [
										{
											"listen": "test",
											"script": {
												"exec": [
													"pm.test(\"Status code is 200\", function () {\r",
													"    pm.response.to.have.status(200);\r",
													"});"
												],
												"type": "text/javascript"
											}
										}
									],
									"protocolProfileBehavior": {
										"disabledSystemHeaders": {},
										"strictSSL": false,
										"disableBodyPruning": true
									},
									"request": {
										"method": "GET",
										"header": [],
										"body": {
											"mode": "raw",
											"raw": "",
											"options": {
												"raw": {
													"language": "json"
												}
											}
										},
										"url": {
											"raw": "{{CONNECTORA_URL}}/api/contracts",
											"host": [
												"{{CONNECTORA_URL}}"
											],
											"path": [
												"api",
												"contracts"
											]
										}
									},
									"response": []
								},
								{
									"name": "Contracts for Offer ID",
									"event": [
										{
											"listen": "test",
											"script": {
												"exec": [
													"pm.test(\"Status code is 200\", function () {\r",
													"    pm.response.to.have.status(200);\r",
													"});"
												],
												"type": "text/javascript"
											}
										}
									],
									"protocolProfileBehavior": {
										"disabledSystemHeaders": {},
										"strictSSL": false,
										"disableBodyPruning": true
									},
									"request": {
										"method": "GET",
										"header": [],
										"body": {
											"mode": "raw",
											"raw": "",
											"options": {
												"raw": {
													"language": "json"
												}
											}
										},
										"url": {
											"raw": "{{CONNECTORA_URL}}/api/offers/{{Offer_0_0_ID}}/contracts",
											"host": [
												"{{CONNECTORA_URL}}"
											],
											"path": [
												"api",
												"offers",
												"{{Offer_0_0_ID}}",
												"contracts"
											]
										}
									},
									"response": []
								},
								{
									"name": "Contracts for Offer URL",
									"event": [
										{
											"listen": "test",
											"script": {
												"exec": [
													"pm.test(\"Status code is 200\", function () {\r",
													"    pm.response.to.have.status(200);\r",
													"});"
												],
												"type": "text/javascript"
											}
										}
									],
									"protocolProfileBehavior": {
										"disabledSystemHeaders": {},
										"strictSSL": false,
										"disableBodyPruning": true
									},
									"request": {
										"method": "GET",
										"header": [],
										"body": {
											"mode": "raw",
											"raw": "",
											"options": {
												"raw": {
													"language": "json"
												}
											}
										},
										"url": {
											"raw": "{{Offer_0_0}}/contracts",
											"host": [
												"{{Offer_0_0}}"
											],
											"path": [
												"contracts"
											]
										}
									},
									"response": []
								}
							]
						},
						{
							"name": "Rules",
							"item": [
								{
									"name": "Rules",
									"event": [
										{
											"listen": "test",
											"script": {
												"exec": [
													"pm.test(\"Status code is 200\", function () {\r",
													"    pm.response.to.have.status(200);\r",
													"});"
												],
												"type": "text/javascript"
											}
										}
									],
									"protocolProfileBehavior": {
										"disabledSystemHeaders": {},
										"strictSSL": false,
										"disableBodyPruning": true
									},
									"request": {
										"method": "GET",
										"header": [],
										"body": {
											"mode": "raw",
											"raw": "",
											"options": {
												"raw": {
													"language": "json"
												}
											}
										},
										"url": {
											"raw": "{{CONNECTORA_URL}}/api/rules",
											"host": [
												"{{CONNECTORA_URL}}"
											],
											"path": [
												"api",
												"rules"
											]
										}
									},
									"response": []
								},
								{
									"name": "Rules for Offer Contract ID",
									"event": [
										{
											"listen": "test",
											"script": {
												"exec": [
													"pm.test(\"Status code is 200\", function () {\r",
													"    pm.response.to.have.status(200);\r",
													"});"
												],
												"type": "text/javascript"
											}
										}
									],
									"protocolProfileBehavior": {
										"disabledSystemHeaders": {},
										"strictSSL": false,
										"disableBodyPruning": true
									},
									"request": {
										"method": "GET",
										"header": [],
										"body": {
											"mode": "raw",
											"raw": "",
											"options": {
												"raw": {
													"language": "json"
												}
											}
										},
										"url": {
											"raw": "{{CONNECTORA_URL}}/api/contracts/{{Contract_0_0_ID}}/rules",
											"host": [
												"{{CONNECTORA_URL}}"
											],
											"path": [
												"api",
												"contracts",
												"{{Contract_0_0_ID}}",
												"rules"
											]
										}
									},
									"response": []
								},
								{
									"name": "Rules for Offer Contract URL",
									"event": [
										{
											"listen": "test",
											"script": {
												"exec": [
													"pm.test(\"Status code is 200\", function () {\r",
													"    pm.response.to.have.status(200);\r",
													"});"
												],
												"type": "text/javascript"
											}
										}
									],
									"protocolProfileBehavior": {
										"disabledSystemHeaders": {},
										"strictSSL": false,
										"disableBodyPruning": true
									},
									"request": {
										"method": "GET",
										"header": [],
										"body": {
											"mode": "raw",
											"raw": "",
											"options": {
												"raw": {
													"language": "json"
												}
											}
										},
										"url": {
											"raw": "{{Contract_0_0}}/rules",
											"host": [
												"{{Contract_0_0}}"
											],
											"path": [
												"rules"
											]
										}
									},
									"response": []
								}
							]
						},
						{
							"name": "Representations",
							"item": [
								{
									"name": "Representations",
									"event": [
										{
											"listen": "test",
											"script": {
												"exec": [
													"pm.test(\"Status code is 200\", function () {\r",
													"    pm.response.to.have.status(200);\r",
													"});"
												],
												"type": "text/javascript"
											}
										}
									],
									"protocolProfileBehavior": {
										"disabledSystemHeaders": {},
										"strictSSL": false,
										"disableBodyPruning": true
									},
									"request": {
										"method": "GET",
										"header": [],
										"body": {
											"mode": "raw",
											"raw": "",
											"options": {
												"raw": {
													"language": "json"
												}
											}
										},
										"url": {
											"raw": "{{CONNECTORA_URL}}/api/representations",
											"host": [
												"{{CONNECTORA_URL}}"
											],
											"path": [
												"api",
												"representations"
											]
										}
									},
									"response": []
								},
								{
									"name": "Rep for Offer ID",
									"event": [
										{
											"listen": "test",
											"script": {
												"exec": [
													"pm.test(\"Status code is 200\", function () {\r",
													"    pm.response.to.have.status(200);\r",
													"});"
												],
												"type": "text/javascript"
											}
										}
									],
									"protocolProfileBehavior": {
										"disabledSystemHeaders": {},
										"strictSSL": false,
										"disableBodyPruning": true
									},
									"request": {
										"method": "GET",
										"header": [],
										"body": {
											"mode": "raw",
											"raw": "",
											"options": {
												"raw": {
													"language": "json"
												}
											}
										},
										"url": {
											"raw": "{{CONNECTORA_URL}}/api/offers/{{Offer_0_0_ID}}/representations",
											"host": [
												"{{CONNECTORA_URL}}"
											],
											"path": [
												"api",
												"offers",
												"{{Offer_0_0_ID}}",
												"representations"
											]
										}
									},
									"response": []
								},
								{
									"name": "Rep for Offer URL",
									"event": [
										{
											"listen": "test",
											"script": {
												"exec": [
													"pm.test(\"Status code is 200\", function () {\r",
													"    pm.response.to.have.status(200);\r",
													"});"
												],
												"type": "text/javascript"
											}
										}
									],
									"protocolProfileBehavior": {
										"disabledSystemHeaders": {},
										"strictSSL": false,
										"disableBodyPruning": true
									},
									"request": {
										"method": "GET",
										"header": [],
										"body": {
											"mode": "raw",
											"raw": "",
											"options": {
												"raw": {
													"language": "json"
												}
											}
										},
										"url": {
											"raw": "{{Offer_0_0}}/representations",
											"host": [
												"{{Offer_0_0}}"
											],
											"path": [
												"representations"
											]
										}
									},
									"response": []
								}
							]
						},
						{
							"name": "Artifacts",
							"item": [
								{
									"name": "Artifacts",
									"event": [
										{
											"listen": "test",
											"script": {
												"exec": [
													"pm.test(\"Status code is 200\", function () {\r",
													"    pm.response.to.have.status(200);\r",
													"});"
												],
												"type": "text/javascript"
											}
										}
									],
									"protocolProfileBehavior": {
										"disabledSystemHeaders": {},
										"strictSSL": false,
										"disableBodyPruning": true
									},
									"request": {
										"method": "GET",
										"header": [],
										"body": {
											"mode": "raw",
											"raw": "",
											"options": {
												"raw": {
													"language": "json"
												}
											}
										},
										"url": {
											"raw": "{{CONNECTORA_URL}}/api/artifacts",
											"host": [
												"{{CONNECTORA_URL}}"
											],
											"path": [
												"api",
												"artifacts"
											]
										}
									},
									"response": []
								},
								{
									"name": "Art for Offer ID",
									"event": [
										{
											"listen": "test",
											"script": {
												"exec": [
													"pm.test(\"Status code is 200\", function () {\r",
													"    pm.response.to.have.status(200);\r",
													"});"
												],
												"type": "text/javascript"
											}
										}
									],
									"protocolProfileBehavior": {
										"disabledSystemHeaders": {},
										"strictSSL": false,
										"disableBodyPruning": true
									},
									"request": {
										"method": "GET",
										"header": [],
										"body": {
											"mode": "raw",
											"raw": "",
											"options": {
												"raw": {
													"language": "json"
												}
											}
										},
										"url": {
											"raw": "{{CONNECTORA_URL}}/api/representations/{{Rep_0_0_0_ID}}/artifacts",
											"host": [
												"{{CONNECTORA_URL}}"
											],
											"path": [
												"api",
												"representations",
												"{{Rep_0_0_0_ID}}",
												"artifacts"
											]
										}
									},
									"response": []
								},
								{
									"name": "Rep for Offer URL Copy",
									"event": [
										{
											"listen": "test",
											"script": {
												"exec": [
													"pm.test(\"Status code is 200\", function () {\r",
													"    pm.response.to.have.status(200);\r",
													"});"
												],
												"type": "text/javascript"
											}
										}
									],
									"protocolProfileBehavior": {
										"disabledSystemHeaders": {},
										"strictSSL": false,
										"disableBodyPruning": true
									},
									"request": {
										"method": "GET",
										"header": [],
										"body": {
											"mode": "raw",
											"raw": "",
											"options": {
												"raw": {
													"language": "json"
												}
											}
										},
										"url": {
											"raw": "{{Rep_0_0_0}}/artifacts",
											"host": [
												"{{Rep_0_0_0}}"
											],
											"path": [
												"artifacts"
											]
										}
									},
									"response": []
								}
							]
						},
						{
							"name": "Data",
							"item": [
								{
									"name": "Data from Art URL",
									"event": [
										{
											"listen": "test",
											"script": {
												"exec": [
													"pm.test(\"Status code is 200\", function () {\r",
													"    pm.response.to.have.status(200);\r",
													"});"
												],
												"type": "text/javascript"
											}
										}
									],
									"protocolProfileBehavior": {
										"disabledSystemHeaders": {},
										"strictSSL": false,
										"disableBodyPruning": true
									},
									"request": {
										"method": "GET",
										"header": [],
										"body": {
											"mode": "raw",
											"raw": "",
											"options": {
												"raw": {
													"language": "json"
												}
											}
										},
										"url": {
											"raw": "{{Artifact_0_0_0_0}}/data",
											"host": [
												"{{Artifact_0_0_0_0}}"
											],
											"path": [
												"data"
											]
										}
									},
									"response": []
								}
							]
						},
						{
							"name": "Policy",
							"item": [
								{
									"name": "N Times Usage",
									"request": {
										"method": "GET",
										"header": []
									},
									"response": []
								}
							]
						},
						{
							"name": "Agreements",
							"item": [
								{
									"name": "Data from Art ID",
									"event": [
										{
											"listen": "test",
											"script": {
												"exec": [
													"pm.test(\"Status code is 200\", function () {\r",
													"    pm.response.to.have.status(200);\r",
													"});"
												],
												"type": "text/javascript"
											}
										}
									],
									"protocolProfileBehavior": {
										"disabledSystemHeaders": {},
										"strictSSL": false,
										"disableBodyPruning": true
									},
									"request": {
										"method": "GET",
										"header": [],
										"body": {
											"mode": "raw",
											"raw": "",
											"options": {
												"raw": {
													"language": "json"
												}
											}
										},
										"url": {
											"raw": "{{CONNECTORA_URL}}/api/artifacts/{{Artifact_0_0_0_0_ID}}/data",
											"host": [
												"{{CONNECTORA_URL}}"
											],
											"path": [
												"api",
												"artifacts",
												"{{Artifact_0_0_0_0_ID}}",
												"data"
											]
										}
									},
									"response": []
								},
								{
									"name": "Data from Art ID Copy",
									"event": [
										{
											"listen": "test",
											"script": {
												"exec": [
													"pm.test(\"Status code is 200\", function () {\r",
													"    pm.response.to.have.status(200);\r",
													"});"
												],
												"type": "text/javascript"
											}
										}
									],
									"protocolProfileBehavior": {
										"disabledSystemHeaders": {},
										"strictSSL": false,
										"disableBodyPruning": true
									},
									"request": {
										"method": "GET",
										"header": [],
										"body": {
											"mode": "raw",
											"raw": "",
											"options": {
												"raw": {
													"language": "json"
												}
											}
										},
										"url": {
											"raw": "https://141.95.75.136:8093/api/connector",
											"protocol": "https",
											"host": [
												"141",
												"95",
												"75",
												"136"
											],
											"port": "8093",
											"path": [
												"api",
												"connector"
											]
										}
									},
									"response": []
								}
							]
						}
					]
				},
				{
					"name": "Delete Resources",
					"item": [
						{
							"name": "Delete Catalog 0",
							"event": [
								{
									"listen": "test",
									"script": {
										"exec": [
											"pm.test(\"Status code is 204\", function () {\r",
											"    pm.response.to.have.status(204);\r",
											"});"
										],
										"type": "text/javascript"
									}
								}
							],
							"request": {
								"method": "DELETE",
								"header": [],
								"url": {
									"raw": "{{CONNECTORA_URL}}/api/catalogs/{{Catalog_0_ID}}",
									"host": [
										"{{CONNECTORA_URL}}"
									],
									"path": [
										"api",
										"catalogs",
										"{{Catalog_0_ID}}"
									]
								}
							},
							"response": []
						},
						{
							"name": "Delete Offer 0.0",
							"event": [
								{
									"listen": "test",
									"script": {
										"exec": [
											"pm.test(\"Status code is 204\", function () {\r",
											"    pm.response.to.have.status(204);\r",
											"});"
										],
										"type": "text/javascript"
									}
								}
							],
							"request": {
								"method": "DELETE",
								"header": [],
								"url": {
									"raw": "{{CONNECTORA_URL}}/api/offers/{{Offer_0_0_ID}}",
									"host": [
										"{{CONNECTORA_URL}}"
									],
									"path": [
										"api",
										"offers",
										"{{Offer_0_0_ID}}"
									]
								}
							},
							"response": []
						},
						{
							"name": "Delete Contract 0.0",
							"event": [
								{
									"listen": "test",
									"script": {
										"exec": [
											"pm.test(\"Status code is 204\", function () {\r",
											"    pm.response.to.have.status(204);\r",
											"});"
										],
										"type": "text/javascript"
									}
								}
							],
							"request": {
								"method": "DELETE",
								"header": [],
								"url": {
									"raw": "{{CONNECTORA_URL}}/api/contracts/{{Contract_0_0_ID}}",
									"host": [
										"{{CONNECTORA_URL}}"
									],
									"path": [
										"api",
										"contracts",
										"{{Contract_0_0_ID}}"
									]
								}
							},
							"response": []
						},
						{
							"name": "Delete Rule N Times Usage",
							"event": [
								{
									"listen": "test",
									"script": {
										"exec": [
											"pm.test(\"Status code is 204\", function () {\r",
											"    pm.response.to.have.status(204);\r",
											"});"
										],
										"type": "text/javascript"
									}
								}
							],
							"request": {
								"method": "DELETE",
								"header": [],
								"url": {
									"raw": "{{CONNECTORA_URL}}/api/rules/{{Rule_N_Downloads_ID}}",
									"host": [
										"{{CONNECTORA_URL}}"
									],
									"path": [
										"api",
										"rules",
										"{{Rule_N_Downloads_ID}}"
									]
								}
							},
							"response": []
						},
						{
							"name": "Delete Rule Date",
							"event": [
								{
									"listen": "test",
									"script": {
										"exec": [
											"pm.test(\"Status code is 204\", function () {\r",
											"    pm.response.to.have.status(204);\r",
											"});"
										],
										"type": "text/javascript"
									}
								}
							],
							"request": {
								"method": "DELETE",
								"header": [],
								"url": {
									"raw": "{{CONNECTORA_URL}}/api/rules/{{Rule_Date_ID}}",
									"host": [
										"{{CONNECTORA_URL}}"
									],
									"path": [
										"api",
										"rules",
										"{{Rule_Date_ID}}"
									]
								}
							},
							"response": []
						},
						{
							"name": "Delete Rep 0.0.0",
							"event": [
								{
									"listen": "test",
									"script": {
										"exec": [
											"pm.test(\"Status code is 204\", function () {\r",
											"    pm.response.to.have.status(204);\r",
											"});"
										],
										"type": "text/javascript"
									}
								}
							],
							"request": {
								"method": "DELETE",
								"header": [],
								"url": {
									"raw": "{{CONNECTORA_URL}}/api/representations/{{Rep_0_0_0_ID}}",
									"host": [
										"{{CONNECTORA_URL}}"
									],
									"path": [
										"api",
										"representations",
										"{{Rep_0_0_0_ID}}"
									]
								}
							},
							"response": []
						},
						{
							"name": "Delete Art 0.0.0.0",
							"event": [
								{
									"listen": "test",
									"script": {
										"exec": [
											"pm.test(\"Status code is 204\", function () {\r",
											"    pm.response.to.have.status(204);\r",
											"});"
										],
										"type": "text/javascript"
									}
								}
							],
							"request": {
								"method": "DELETE",
								"header": [],
								"url": {
									"raw": "{{CONNECTORA_URL}}/api/artifacts/{{Artifact_0_0_0_0_ID}}",
									"host": [
										"{{CONNECTORA_URL}}"
									],
									"path": [
										"api",
										"artifacts",
										"{{Artifact_0_0_0_0_ID}}"
									]
								}
							},
							"response": []
						},
						{
							"name": "Delete Rep 0.0.1",
							"event": [
								{
									"listen": "test",
									"script": {
										"exec": [
											"pm.test(\"Status code is 204\", function () {\r",
											"    pm.response.to.have.status(204);\r",
											"});"
										],
										"type": "text/javascript"
									}
								}
							],
							"request": {
								"method": "DELETE",
								"header": [],
								"url": {
									"raw": "{{CONNECTORA_URL}}/api/representations/{{Rep_0_0_1_ID}}",
									"host": [
										"{{CONNECTORA_URL}}"
									],
									"path": [
										"api",
										"representations",
										"{{Rep_0_0_1_ID}}"
									]
								}
							},
							"response": []
						},
						{
							"name": "Delete Art 0.0.1.0",
							"event": [
								{
									"listen": "test",
									"script": {
										"exec": [
											"pm.test(\"Status code is 204\", function () {\r",
											"    pm.response.to.have.status(204);\r",
											"});"
										],
										"type": "text/javascript"
									}
								}
							],
							"request": {
								"method": "DELETE",
								"header": [],
								"url": {
									"raw": "{{CONNECTORA_URL}}/api/artifacts/{{Artifact_0_0_1_0_ID}}",
									"host": [
										"{{CONNECTORA_URL}}"
									],
									"path": [
										"api",
										"artifacts",
										"{{Artifact_0_0_1_0_ID}}"
									]
								}
							},
							"response": []
						}
					]
				}
			]
		},
		{
			"name": "Clearing House Management",
			"item": [
				{
					"name": "Get Agreements Provider (Con A)",
					"event": [
						{
							"listen": "test",
							"script": {
								"exec": [
									"pm.test(\"Status code is 200\", function () {\r",
									"    pm.response.to.have.status(200);\r",
									"});"
								],
								"type": "text/javascript"
							}
						}
					],
					"protocolProfileBehavior": {
						"disabledSystemHeaders": {},
						"strictSSL": false,
						"disableBodyPruning": true
					},
					"request": {
						"method": "GET",
						"header": [],
						"body": {
							"mode": "raw",
							"raw": "",
							"options": {
								"raw": {
									"language": "json"
								}
							}
						},
						"url": {
							"raw": "{{CONNECTORA_URL}}/api/agreements",
							"host": [
								"{{CONNECTORA_URL}}"
							],
							"path": [
								"api",
								"agreements"
							]
						}
					},
					"response": []
				},
				{
					"name": "Obtain logs B",
					"event": [
						{
							"listen": "test",
							"script": {
								"type": "text/javascript",
								"exec": [
									"pm.test(\"Status code is 200\", function () {\r",
									"    pm.response.to.have.status(200);\r",
									"});"
								]
							}
						}
					],
					"protocolProfileBehavior": {
						"disabledSystemHeaders": {},
						"strictSSL": false
					},
					"request": {
						"method": "POST",
						"header": [],
						"body": {
							"mode": "raw",
							"raw": "\"\"",
							"options": {
								"raw": {
									"language": "json"
								}
							}
						},
						"url": {
							"raw": "{{CONNECTORA_URL}}/api/ids/query?recipient={{CH_URL}}/messages/query/{{Provider agreement B}}",
							"host": [
								"{{CONNECTORA_URL}}"
							],
							"path": [
								"api",
								"ids",
								"query"
							],
							"query": [
								{
									"key": "recipient",
									"value": "{{CH_URL}}/messages/query/{{Provider agreement B}}"
								}
							]
						}
					},
					"response": []
				}
			]
		}
	],
	"auth": {
		"type": "basic",
		"basic": [
			{
				"key": "password",
				"value": "baidata",
				"type": "string"
			},
			{
				"key": "username",
				"value": "bonos",
				"type": "string"
			}
		]
	},
	"event": [
		{
			"listen": "prerequest",
			"script": {
				"type": "text/javascript",
				"exec": [
					""
				]
			}
		},
		{
			"listen": "test",
			"script": {
				"type": "text/javascript",
				"exec": [
					""
				]
			}
		}
	],
	"variable": [
		{
			"key": "BROKER",
			"value": "https://broker-reverseproxy/infrastructure"
		},
		{
			"key": "CH_URL",
			"value": "https://clearinghouse:9999"
		},
		{
			"key": "CONNECTORA_URL",
			"value": "https://57.128.86.242:8080"
		},
		{
			"key": "CONNECTORB_URL",
			"value": "https://57.128.86.242:8081"
		},
		{
			"key": "CONNECTORA_DNS",
			"value": "",
			"disabled": true
		},
		{
			"key": "CONNECTORB_DNS",
			"value": "",
			"type": "string",
			"disabled": true
		},
		{
			"key": "Catalog_0",
			"value": ""
		},
		{
			"key": "Catalog_0_ID",
			"value": ""
		},
		{
			"key": "Offer_0_0",
			"value": ""
		},
		{
			"key": "Offer_0_0_ID",
			"value": "",
			"type": "string"
		},
		{
			"key": "Contract_0_0",
			"value": ""
		},
		{
			"key": "Contract_0_0_ID",
			"value": "",
			"type": "string"
		},
		{
			"key": "Rule_N_Downloads",
			"value": ""
		},
		{
			"key": "Rule_N_Downloads_ID",
			"value": "",
			"type": "string"
		},
		{
			"key": "Rule_Date",
			"value": ""
		},
		{
			"key": "Rule_Date_ID",
			"value": "",
			"type": "string"
		},
		{
			"key": "Rep_0_0_0",
			"value": ""
		},
		{
			"key": "Rep_0_0_0_ID",
			"value": "",
			"type": "string"
		},
		{
			"key": "Artifact_0_0_0_0",
			"value": ""
		},
		{
			"key": "Artifact_0_0_0_0_ID",
			"value": ""
		},
		{
			"key": "Rep_0_0_1",
			"value": ""
		},
		{
			"key": "Rep_0_0_1_ID",
			"value": "",
			"type": "string"
		},
		{
			"key": "Artifact_0_0_1_0",
			"value": ""
		},
		{
			"key": "Artifact_0_0_1_0_ID",
			"value": "",
			"type": "string"
		},
		{
			"key": "MDB_B_Check",
			"value": ""
		},
		{
			"key": "MDB_A_Check",
			"value": "",
			"type": "string"
		},
		{
			"key": "Provider_Catalog_0",
			"value": ""
		},
		{
			"key": "Provider_Offer_0_0",
			"value": ""
		},
		{
			"key": "Provider_artifact_0_0_0_0",
			"value": ""
		},
		{
			"key": "Provider_artifact_0_0_1_0",
			"value": ""
		},
		{
			"key": "Provider_rule_0_0",
			"value": ""
		},
		{
			"key": "Policy0",
			"value": ""
		},
		{
			"key": "Policy1",
			"value": ""
		},
		{
			"key": "target_0_0_0_0",
			"value": ""
		},
		{
			"key": "Permission_0-0_0_0_0",
			"value": ""
		},
		{
			"key": "Permission_1-0_0_0_0",
			"value": ""
		},
		{
			"key": "target_0_0_1_0",
			"value": ""
		},
		{
			"key": "Permission_0-0_0_1_0",
			"value": ""
		},
		{
			"key": "Permission_1-0_0_1_0",
			"value": ""
		},
		{
			"key": "Consumer_B_Agreement_0_0_0_0",
			"value": ""
		},
		{
			"key": "Provider_A_Agreement_0_0_0_0",
			"value": ""
		},
		{
			"key": "dataLink_0_0_0_0",
			"value": ""
		},
		{
			"key": "Consumer_B_Agreement_0_0_1_0",
			"value": ""
		},
		{
			"key": "Provider_A_Agreement_0_0_1_0",
			"value": ""
		},
		{
			"key": "dataLink_0_0_1_0",
			"value": ""
		}
	]
}